Fresh,Milk,Grocery,Frozen,Detergents_Paper,Delicatessen,Cluster
9.446913343602052,9.175334762777368,8.93075873555827,5.365976015021851,7.891330757661888,7.198931240688173,0
8.86177531100083,9.191157552559408,9.166179476190413,7.474204806496124,8.099554282376364,7.4821189235521155,0
8.756682421266532,9.083415678402515,8.946895523888447,7.785305182539862,8.165079258805067,8.967504187316237,0
9.49288426657184,7.086737934510577,8.347827345782498,8.764678074116604,6.228511003591183,7.488852955733459,1
10.026368681911944,8.596004371840527,8.881558488638976,8.272570608424903,7.482681828154651,8.553525120663627,0
9.14984699154722,9.019058793810716,8.542080906924015,6.501289670540389,7.492760300922379,7.280008252884188,0
9.403107186631676,8.070593539949519,8.850087606689566,6.173786103901937,8.051978078902298,6.300785794663244,0
8.93313654381203,8.508354242749032,9.151227107483676,7.419979923661835,8.108021221376747,7.850103545175582,0
8.693328989123106,8.201934351194222,8.731013415269564,6.052089168924416,7.447751280047907,6.620073206530356,0
8.700514248543275,9.314069557738659,9.845911404398532,7.055312843339752,8.9126079636709,7.6487397889562425,0
8.121480374750751,8.594709633844065,9.470702633773,8.389359819906351,8.695674048824253,7.463936604468925,0
9.483872808823522,7.024649030453636,8.416930769477842,7.258412150595306,6.3080984415095305,6.208590026096629,1
10.364513502749512,9.418898064961974,9.372204086867741,5.6594822157596205,8.263848131368906,7.983098940710892,0
9.962558026113117,8.733594061863055,9.614604759507827,8.037543185118697,8.810907036099737,6.400257445308821,0
10.112653875919477,9.155356063643422,9.400216653174246,5.683579767338681,8.52872642722991,7.681560362559536,0
9.235325624670091,7.015712420487229,8.2482674474469,5.98393628068719,6.871091294610546,6.021023349349526,1
6.927557906278317,9.084323531392695,9.402694764470512,4.897839799950911,8.413608875159667,6.984716320118265,0
8.678631537293768,8.72534492491121,7.983781068977451,6.732210706467206,5.91350300563827,8.4069317971587,1
9.83097062169695,8.752581469146884,9.220191688026556,7.6984827878809465,7.925518979786926,8.064950891749143,0
8.959311617172437,7.822044008185618,9.155250405658222,6.505784060128228,7.831220214604293,6.2166061010848646,0
9.772581282688328,8.416046009411279,8.434246270595311,6.97166860472579,7.722677516468003,7.66105638236183,0
8.624611588183507,6.769641976852503,7.605890001053121,8.126518168780708,5.926926025970411,6.343880434126331,1
10.350606309244405,7.558516743045645,8.40491994893345,9.149315670138408,7.7752758464868625,8.374246182096304,1
10.180096038519288,10.502955722212084,9.999660995984785,8.54752839121231,8.374938143835365,9.71250862865099,0
10.027782671807735,9.187685681411375,9.531843992903474,7.977625098784593,8.407824654360873,8.66181288102618,0
9.690603690159532,8.349957272040323,8.935245415029874,5.303304908059076,8.294799358992574,4.04305126783455,0
9.200087995511831,6.8679744089702925,7.95892649305011,8.055475141757274,5.488937726156686,6.725033642166842,1
9.566335084610051,6.688354713946762,8.021256180143997,6.184148890937483,4.605170185988091,6.249975242259483,1
8.321907968230423,9.92739937258244,10.16419660173648,7.05444965813294,9.05998249038762,8.55756708555451,0
10.67099981505138,7.649692623711514,7.866722285136728,7.090076835776092,7.009408932708637,6.71295620067707,1
9.842409703027537,8.191463051326926,9.31533081916712,7.045776576879511,7.665753431861698,7.993957547573565,0
7.867871490396322,8.37539918579835,8.049746290952191,7.643961949002529,6.709304340258298,6.892641641172089,1
9.98192897884269,7.183870715062453,7.967626739333816,5.583496308781699,6.82219739062049,6.003887067106539,1
10.299878279368585,8.473450268468318,8.89918494333876,8.720950028930258,5.8888779583328805,6.9874902470009905,1
7.31455283232408,7.590346945602565,7.724004656676065,6.052089168924416,6.180016653652572,5.978885764901122,1
6.5337888379333435,8.610865667278873,9.313889247604742,6.725033642166842,8.352082671352637,6.077642243349034,0
10.307451534518025,8.380685946761574,8.59932602095476,7.45529848568329,6.759255270663693,8.439447842791385,1
9.626943224494802,9.264449697623215,9.431642228411022,7.560080465021827,8.780480107033297,6.570882962339584,0
8.431853144249223,9.663261421240643,9.723702775394143,3.4965075614664802,8.847359875474174,6.07073772800249,0
10.935942232273353,6.318968113746434,6.804614520062623,9.21054035197885,5.356586274672012,7.977968093128548,1
10.086850233838494,8.37378460812088,8.467372496432281,9.160099155539436,7.04315991598834,8.676587243566487,1
9.86141477611422,8.027802848370312,8.6921543938039,7.617267813628346,7.853604813097836,7.938088726896952,0
9.291920358968605,8.92996487470684,9.613202094214232,5.236441962829949,8.839131752546109,3.828641396489095,0
6.4457198193855785,9.314249835366693,10.085725772524334,6.668228248417403,9.162095059348188,4.276666119016055,0
9.17678358844734,8.857515151192198,9.256364810287462,6.293419278846481,8.43771698991444,4.174387269895637,0
8.552753366814787,10.000795735003125,9.977249036098181,7.461640392208574,8.902863672196222,8.514188682395938,0
8.04012466444838,9.551729074377214,9.996750182995818,7.419380582918691,8.823500727991183,7.280697195384741,0
10.702480131179414,10.901524156260564,10.925416761433269,8.9595686535445,10.092908846445305,8.774158291205957,0
9.351753124926507,8.72453251118548,9.293577970546238,6.369900982828227,8.54110501146255,7.297091005160418,0
8.51057131510735,9.971706791513272,10.2723232538215,7.494430215031565,9.51657428982249,7.0587581525186645,0
8.743372131273969,6.998509642250601,7.590852123688581,8.258422462458876,6.411818267709897,7.6787889981991535,1
8.115819701211326,8.30671904320269,8.853093836138493,5.47646355193151,7.338238150065589,5.707110264748875,0
10.614499208879641,8.272826003650401,8.678631537293768,6.2766434893416445,7.858254182186029,7.15305163493748,0
6.19644412779452,9.256555795773146,9.352881058758292,6.612041034833092,8.632484235750972,5.4116460518550396,0
10.21570368842466,7.278628942320682,7.5740450053721995,7.798112628829787,5.318119993844216,7.195187320178708,1
8.568646473005153,8.211482916445066,8.51819269174932,6.963189985870238,7.612831030407356,7.029972911706386,0
8.318254328798846,10.30534616505018,10.198616825622958,7.869401712577089,9.78357725586357,7.200424892944957,0
8.597297435657898,9.203617826215355,9.257891673834404,3.6375861597263857,8.932212512329214,7.156176637480615,0
9.530900972993903,7.5857888217320335,7.407317710469417,6.390240667065349,5.424950017481402,6.077642243349034,1
8.722091302389096,8.586719254064848,8.992184362173012,4.859812404361672,8.033982734683219,7.3796321526095525,0
9.0583540149783,8.021256180143997,8.968778235137954,4.564348191467836,8.31752199628717,5.41610040220442,0
10.489661807091966,10.555005120873751,10.995377295443411,8.087640287778983,10.192456296870509,7.6093665379542115,0
8.96482339168508,8.739536422559677,8.786303878282583,8.331827004436057,8.31238059678675,6.871091294610546,0
9.148039345778804,9.358846580275406,9.666181687409413,7.971085753505607,8.945984124827898,7.166265974133638,0
8.468002947225465,7.112327444710911,8.086410275323782,8.222553638396958,7.1284959456800365,7.04315991598834,1
9.899128063758674,8.818630229100354,9.507626180570657,7.135687347028144,8.545002892055505,6.726233402358747,0
7.802209316247118,8.89013510781884,8.292298107063221,8.677609912822142,6.669498089857879,8.037543185118697,1
9.03025631012242,7.944492163932159,7.164720378771857,6.658011045870748,6.486160788944089,4.969813299576001,1
9.723463354790857,7.619233416226805,8.071530893556659,9.272657678041044,4.7535901911063645,7.21890970761906,1
9.814164414575925,7.143617602704121,9.954275719368233,8.589141690728821,8.336390480591552,9.57997102707513,0
8.393894975071744,8.54461378699223,7.886457270977689,9.090655529030203,7.186144304522325,5.198497031265825,1
9.898424758193665,8.581481681298598,9.072571442231286,9.003562174748238,6.638567789166521,6.473890696352274,1
9.010669176847115,8.755107121633896,9.189525232262262,7.15851399732932,7.550135342488429,7.484368643286131,0
6.57507584059962,8.185071477532283,8.784468454090355,8.92665032079394,6.270988431858299,6.795705775173514,1
9.40960098282706,9.449121024069791,10.259061891030827,6.767343125265392,9.395491255780296,6.9167150203536085,0
9.284148299120902,7.069023426578259,7.633853559681768,7.647786045440933,5.707110264748875,5.1179938124167546,1
7.402451520818244,8.089175678837561,8.203851372183879,6.76619171466035,7.091742115095153,7.410347097821024,0
8.854379458771106,6.720220155135295,8.009363076630045,6.063785208687608,6.413458957167356,6.270988431858299,1
5.389071729816501,9.163248764442331,9.57519179719905,5.645446897643238,8.9641840463529,5.049856007249537,0
9.245900547374733,9.13043098874788,9.306468399070402,6.602587892189336,8.17103418920548,7.758760544157663,0
9.946259644379996,7.354362330421476,7.48605261786314,7.749322464660356,6.309918278226516,6.648984550024776,1
9.38151671766514,8.109826276018476,8.479283618343016,7.071573364211532,8.252446090246952,4.787491742782046,0
9.687629894522718,10.740670139896523,11.437986378305734,6.933423025730715,10.617098906228428,7.987524479848767,0
10.039983297124666,11.205013473946352,10.37704735110963,6.894670039433481,9.906981441790384,6.805722553416985,0
10.67509927304084,8.522180732927277,9.001715906761175,8.75020786252571,7.364547014255642,9.571574905170932,1
8.970050661827003,6.295266001439646,8.304494897963567,9.1834829178063,5.10594547390058,3.828641396489095,1
10.122783712121445,8.252185436003328,8.58110651715989,8.144098463338523,6.118097198041347,8.064007347096661,1
9.341807134718488,6.390240667065349,7.401231264413014,8.115819701211326,4.23410650459726,5.886104031450156,1
9.453600226875217,7.923710333969237,7.835974581721565,9.070273383079064,6.44094654063292,7.018401799069201,1
9.126741348099868,10.220922583137256,10.37455311772824,8.080856419640986,9.84723461098533,8.542860938164814,0
9.333796175903101,8.03592636989179,7.631431664576905,10.463360450273136,4.2626798770413155,7.900266036767701,1
8.635153989049801,9.410829232725586,9.33459133431404,5.327876168789581,8.524764456912555,5.497168225293201,0
1.0986122886681096,7.979338895262327,8.740656691541368,6.0867747269123065,5.407171771460119,6.5638555265321274,0
3.1354942159291497,7.869401712577089,9.001839097398843,4.976733742420574,8.262042843966942,5.37989735354046,0
5.998936561946683,5.537334267018537,6.413458957167356,6.651571873589727,3.988984046564274,4.143134726391533,1
6.220590170099739,4.718498871295094,6.656726524178391,6.796823718274855,4.025351690735149,4.882801922586371,1
9.175541866433488,7.687997166393016,7.554334823725747,8.637462023807181,5.3706380281276624,5.777652323222656,1
9.358243001899679,8.959183074206774,9.404590499635411,8.087025470667701,8.991562278171612,8.015987811027237,0
7.258412150595306,9.288226910633254,9.696893794766453,7.373374309910048,8.819665349340653,7.516433302915632,0
7.983440063006542,8.773229786032472,8.945984124827898,7.848153086199525,8.427924723658055,7.234177179749849,0
10.934570184410639,8.161660452056282,9.094480485881647,9.799681383810539,7.299797366758161,7.823245690685523,1
9.553930076366258,7.664815785285735,8.144679183447758,7.197435354096591,7.307202314764738,6.306275286948015,1
9.65419251248905,6.921658184151128,8.286521373681236,6.813444599510896,4.9344739331306915,7.228388451573603,1
7.282073658093465,8.754160749323516,9.27837278236801,4.890349128221754,8.829079952564836,7.5126175446745105,0
9.082166033252674,9.272939513732702,9.608176452919857,7.81237820598861,9.101529466118002,7.2710085382809915,0
7.333676395657683,9.035629778183562,8.8509474519704,5.5093883366279774,7.826044013518965,7.119635638017636,0
7.24850407237061,9.72489901933128,10.27456823378246,6.511745329644728,6.728628613084702,1.0986122886681096,0
9.377379071905619,7.407317710469417,7.434847875211999,7.730174795246222,5.1298987149230735,7.4067107301776405,1
9.439784035838873,9.315960853839867,9.773891264365053,6.690842277418563,8.772920092626467,7.325807502595772,0
9.854612384753992,7.9266025991813835,7.811568489345179,9.08851166361105,6.180016653652572,7.903965634032165,1
9.577618898699106,7.738488122494645,7.457609289715606,8.077136638538454,6.371611847231856,7.353081920515431,1
9.800568498528285,6.984716320118265,7.600902459542082,7.845807502637805,4.770684624465664,7.143617602704121,1
9.317758768743452,6.675823221634848,8.002359546252707,7.906547232368036,5.62040086571715,6.413458957167356,1
9.321255432547337,7.83241092718792,8.118207049405783,7.324489979348532,5.736572297479192,5.402677381872279,1
8.852235835227855,8.263590432617319,8.59044365315583,7.4067107301776405,5.765191102784844,7.05617528410041,1
9.90593455617918,7.544861068658458,7.767263996757308,8.583542571957771,6.018593214496234,6.838405200847344,1
9.018937706446035,7.759614150696903,7.671826797878781,8.267705664762426,5.583496308781699,6.453624998892692,1
9.750336373041954,7.090076835776092,8.13505390861157,7.7902823807034824,5.159055299214529,7.035268599281096,1
8.299037181613066,8.081475040137052,7.311886164077165,7.781138509845015,5.575949103146316,5.541263545158426,1
9.410174353854767,5.303304908059076,5.5012582105447265,7.596392304064196,3.2188758248682006,6.756932389247553,1
9.320986892063246,9.284426915328881,9.084096645401932,7.693481640835175,7.588829878307813,4.962844630259907,0
10.492662142713094,7.403670290012373,7.993282328101591,8.473659189392508,6.214608098422191,7.390798521735676,1
11.241602188130999,8.152774052744073,8.868131713503033,9.713416042282113,6.656726524178391,6.82219739062049,1
9.863654652034404,7.517520850603031,7.41336733569524,9.01127949117793,5.855071922202427,6.180016653652572,1
9.97417898065866,8.887790764195326,9.276596167753247,6.779921907472252,7.777373602657861,7.918992488165245,0
10.652826012745816,6.8308742346461795,7.31986492980897,7.4489161025442,6.016157159698353,7.506042178518122,1
8.87472776576685,7.794823152179388,6.54965074223381,8.750841375375533,5.978885764901122,6.814542897259958,1
7.650168700845001,6.3784261836515865,5.749392985908253,5.846438775057724,4.2484952420493585,5.736572297479192,1
9.609317813948792,7.616775808698372,7.8156105320351905,6.356107660695891,6.86171134048073,5.793013608384143,1
9.152075463844207,6.948897222313312,7.118826249062077,6.077642243349034,5.545177444479562,5.981414211254481,1
8.90761234131913,7.540090320145325,7.684324067681154,6.579251212010101,3.8501476017100584,6.285998094508864,1
8.748304912379623,7.161622002939187,7.85979918056211,7.064759027791801,5.293304824724492,5.786897381366708,1
8.439231649946525,9.057072635572965,8.857941984804711,8.42836197770962,7.802618063442671,7.340835554123275,0
8.034955024502159,8.99714715151514,9.021839764105513,6.493753839851686,6.580639137284948,3.58351893845611,0
9.513181956185786,8.356319965828153,8.523970175695261,5.043425116919247,5.517452896464707,8.092851027538384,1
8.591743922680534,8.512984346642183,8.114623886420098,6.715383386334681,6.456769655572163,6.834108738813838,1
9.776960146064368,8.361708288575842,8.8963143241848,7.731492029245684,6.866933284461882,7.869401712577089,1
10.321506859215644,9.491903763419787,8.554296279367739,5.771441123130016,3.9318256327243257,7.27931883541462,1
10.519645691567938,8.875147316853349,9.018332049592685,8.00469951054955,2.995732273553991,1.0986122886681096,1
9.250041738827735,7.375255778009754,6.99942246750796,9.038958755220563,5.988961416889863,5.762051382780177,1
9.843047288724712,8.209852481301272,7.594884387216519,4.770684624465664,6.246106765481563,5.303304908059076,1
10.000568890186692,9.034080406560824,10.457142754277474,3.737669618283368,9.4407375520017,8.39615486303918,0
8.95789673495042,7.568379267836522,7.685703061234547,6.8308742346461795,4.290459441148391,6.253828811575473,1
9.127284796838856,8.12355783506165,7.903596289614301,7.1592919047975645,6.9865664594064265,6.265301212737709,1
8.68676717538769,6.369900982828227,6.295266001439646,8.306965865368573,5.645446897643238,6.073044534100404,1
10.367598856077025,7.267525427828172,7.4091364439201275,6.684611727667927,4.727387818712341,7.272398392570046,1
9.69430854157229,7.509335266016592,7.475905969367397,6.748759547491679,5.135798437050261,6.9726062513017535,1
7.161622002939187,8.1101268019411,7.611842399580416,6.274762021241939,5.541263545158426,7.480992162869525,1
9.843737548130354,7.223295679562314,8.050384453067021,8.006700845440367,5.863631175598097,5.214935757608986,1
8.149890544402421,9.13237883050647,7.769800996003896,6.658011045870748,5.71042701737487,7.394493107219038,1
7.595387278853972,9.27706400401909,9.876116355739995,5.4510384535657,9.356775650205728,7.674617497364363,0
8.250620082174692,8.57376254290413,9.606091787896707,5.75890177387728,8.808966881771271,8.065265208897731,0
9.78543573075999,7.2196420401307355,7.813591552952433,8.125039097367745,6.698268054115412,6.035481432524756,1
7.95892649305011,8.790269111478656,9.171391621837607,6.835184586147301,8.295049140435111,7.427738840532893,0
5.872117789475416,8.949494953477961,9.594377532670727,5.986452005284438,8.996775795442296,5.713732805509369,0
7.45298232946546,8.202756381655636,9.458917724547202,6.714170529909471,8.39479954320217,7.676473646389156,0
9.428189934829282,6.2915691395583195,5.645446897643238,6.9957661563048505,1.0986122886681096,7.711101251840158,1
9.627536402960045,7.612831030407356,8.245384468120747,7.887959336599945,5.44673737166631,6.413458957167356,1
8.618123909994678,9.663070672551461,10.198765701609537,7.769378609513984,9.527047123468579,6.100318952020064,0
8.561018670956267,8.936298185228436,9.057655284310535,7.839919360012582,8.20903626577507,5.472270673671474,0
9.655987269717178,9.445649620189263,9.896362227593539,8.395025557442029,8.868976189274541,7.774435510302958,0
8.480944058741116,8.812992231969966,9.12369256525051,6.900730664045172,8.511778558714738,8.198914444986988,0
7.98139158158007,8.069342366811634,8.091933455979893,6.003887067106539,7.426549072397305,6.541029999189903,0
8.667163717992532,6.5998704992128365,6.688354713946762,7.239214973779806,4.3694478524670215,6.061456918928017,1
8.596743470174246,6.57507584059962,7.675546002537848,7.782807262839694,4.23410650459726,6.620073206530356,1
5.560681631015528,9.06820060481506,9.505246289517283,7.017506142941256,8.855805992536562,5.777652323222656,0
5.298317366548036,10.160529988855796,9.894244971169195,6.478509642208569,9.079434102128383,8.740336742730447,0
6.86171134048073,8.608677881538416,8.785080636539838,5.808142489980444,7.951559331155251,6.561030665896572,0
6.242223265455165,8.945984124827898,9.893689710056016,6.842683282238422,9.193804403336083,6.573680166960646,0
5.655991810819852,7.09672137849476,8.564267598802166,7.83002808253384,5.030437921392435,7.273786317844894,1
7.759187438507795,8.967631665167133,9.38210641483062,3.951243718581427,8.341886969516187,7.436617265234226,0
10.72853980397601,8.847647355711887,8.785080636539838,8.904901577935142,7.3343293503005365,5.438079308923196,1
9.453992183921743,8.899730794880696,8.41913925094085,7.468513271496336,2.995732273553991,7.875119281040292,1
9.305832353435402,8.864322722511439,8.506132244056813,7.049254841255836,4.787491742782046,5.978885764901122,1
8.057377488557991,8.494538500851432,7.824046010856292,8.406708458240965,5.60947179518496,7.68017564043659,1
9.421897054038473,8.70549681988774,9.092344813738475,5.996452088619021,7.231287004327615,7.935229539816907,0
11.627601456538114,10.29644138670722,9.806315640783854,9.725854985228304,8.506738733512378,9.053686561930805,0
6.542471960506804,9.051696278536584,9.260843354149289,6.093569770045136,8.840290669088972,5.049856007249537,0
10.51452948317723,10.690807903113322,9.911951630948257,10.50599861283663,5.47646355193151,10.777768084253218,1
5.7899601708972535,6.82219739062049,8.457443187010464,4.304065093204169,5.8111409929767,2.3978952727983707,1
9.008224187854049,8.771525284186463,7.037905963447182,7.687538766201629,4.060443010546419,5.5093883366279774,1
8.009363076630045,6.255750041753367,6.749931193788569,8.151909872940905,6.855408798609927,6.588926477533519,1
7.798933310041217,8.98744678941718,9.19207456316929,8.743372131273969,8.148734808937169,1.0986122886681096,0
8.992184362173012,8.94102198354136,9.366232391933156,7.9222610583532465,8.830396801098095,6.00141487796115,0
6.726233402358747,9.356775650205728,9.352013530292329,5.616771097666571,8.300776960851454,7.526178913346145,0
9.7371968128147,8.740336742730447,7.59135704669855,8.900003608959596,4.770684624465664,4.1588830833596715,1
9.519588222342524,5.686975356339819,7.230563153409292,6.7912214627261855,3.7612001156935624,4.430816798843313,1
8.614138397472717,7.2868764117507,7.719129840906732,6.304448802421981,5.231108616854587,6.013715156042801,1
5.19295685089021,8.156223323194624,9.91798199868658,6.865891074883438,8.633731007664188,6.501289670540389,0
8.868835492826895,6.91968384984741,7.9976631270201,6.692083742506628,5.872117789475416,7.040536390215955,1
9.74232064981457,8.54461378699223,8.56216655705897,8.973097896282471,5.799092654460526,7.470224135899966,1
10.32953929425268,8.883085524404578,8.496378051702317,9.836866865194231,6.637258031284457,7.964155718840937,1
7.794411205726601,8.867427438524983,9.248695325852646,7.027314514039776,8.3696208269491,7.291656209174461,0
9.366146823114383,7.675081857716334,8.828201089171515,8.168202930236053,6.3835066348840055,6.546785410760524,1
9.17678358844734,7.731930721948486,7.655390644826152,6.253828811575473,5.996452088619021,5.849324779946859,1
8.028455164114252,9.490997829490999,10.048756045127371,8.279189777195004,9.20623194393164,6.594413459749778,0
8.40827078419205,9.57491403870827,10.114882356815789,8.174421152646497,9.563458999712138,7.427144133408615,0
10.134718314032957,9.348971240145405,9.157993891603974,8.530109416682784,5.648974238161206,8.832587702434553,1
6.368187186350492,6.529418838262225,7.703459047867174,6.150602768446279,6.860663671448286,2.8903717578961645,1
7.578656850594762,6.792344427470809,8.561401446080557,7.232010331664758,1.6094379124341003,7.191429330036379,1
7.009408932708637,9.368283850042136,10.068832485122966,6.86171134048073,9.13399913871946,6.5652649700353605,0
8.759825595314293,6.659293919683638,6.856461984594587,6.777646593635116,5.662960480135946,5.652489180268651,1
7.840312983320164,8.463159302923751,8.714239143608573,7.988203597022576,8.578476419833136,4.787491742782046,0
7.337587743538595,8.228977643358313,8.67214355141406,7.527793987721444,8.125926802707886,6.692083742506628,0
8.62155320674048,9.451638133870434,9.727167947937808,6.761572768804055,9.42706335548747,6.680854678790215,0
9.829141090407472,7.546974117516527,7.239214973779806,7.496097345175956,5.497168225293201,7.649692623711514,1
9.402529747968487,10.251535389774341,10.588955321752204,8.462948176563842,9.873543676163056,7.962067308753666,0
8.89439598980643,6.91968384984741,7.631431664576905,7.1631723908466425,5.480638923341991,7.481555701909516,1
8.106816038947052,8.795127912413138,8.83360848269089,7.192182058713245,8.284251797621916,7.102499355774649,0
7.767263996757308,8.787372988731876,9.338205742974079,6.816735880594968,8.692322277628687,6.673297967767653,0
7.9395152606624055,9.284055409798462,9.651043915510366,7.2254814727822945,8.670429167315095,7.778211474512492,0
7.836764783264067,9.71709773156622,10.504683904348164,5.187385805840755,9.496120637138366,6.513230110912307,0
9.800568498528285,7.29641326877392,7.6236419465115715,7.836764783264067,4.867534450455582,7.05444965813294,1
2.8903717578961645,8.92319149068606,9.629379600111465,7.15851399732932,8.475746001502063,8.759668671029939,0
8.332067707289548,5.90536184805457,7.237059026124737,7.743269700829004,4.454347296253507,4.867534450455582,1
9.59933728737704,6.80128303447162,7.231287004327615,7.475905969367397,4.025351690735149,6.618738983517219,1
8.593413217327646,8.923058219545728,9.272939513732702,4.51085950651685,8.334951631422452,5.47646355193151,0
8.525359754082631,7.0166096838942185,7.957177323459475,8.922124823918258,5.545177444479562,5.926926025970411,1
7.933796874815411,7.834788107388194,8.568836424568076,8.632662441222351,6.669498089857879,7.215239978730097,1
8.892061625546933,6.490723534502507,7.312553498102598,6.664409020350408,4.2484952420493585,6.490723534502507,1
9.447781227991216,8.084254106307318,8.332548939252638,6.492239835020471,6.634633357861686,6.666956792429207,1
9.941842506412591,8.686260632531775,9.128262260940575,7.472500744737558,7.850882664809852,7.347943823148687,0
8.304494897963567,7.698029170272805,7.354362330421476,7.734558844354756,5.572154032177765,6.535241271013659,1
7.533158807455562,6.357842266508099,6.349138991379798,6.856461984594587,8.468423027046807,5.313205979041787,1
9.066008001086262,7.917900586327916,7.824445930877618,8.83127373772255,6.542471960506804,6.887552571664617,1
9.31217467785745,8.697679732264461,8.633196867172543,9.02653771890043,6.86171134048073,7.667158255319148,1
7.759614150696903,9.275940829060131,8.250097752572845,7.271703706887368,7.356279876550748,6.194405391104672,0
10.16438920945294,7.484368643286131,8.252706676567644,6.45833828334479,5.648974238161206,6.726233402358747,1
6.871091294610546,8.51398806046729,8.106514516255185,6.842683282238422,6.013715156042801,1.9459101490553132,1
9.655218482441182,7.902117546276448,8.251403065380554,8.357024439263416,5.783825182329737,7.848933726364071,1
7.516433302915632,8.760923376338836,7.945909598613133,7.1049654482698426,7.103322062526112,5.686975356339819,0
9.063578990580778,6.709304340258298,8.021912778985708,7.745868229792268,6.028278520230698,5.41610040220442,1
9.835850903820317,8.252706676567644,6.385194398997725,8.441175704992322,3.332204510175204,7.102499355774649,1
8.904222737368716,6.163314804034641,6.371611847231856,7.013915474810528,4.276666119016055,5.375278407684164,1
10.768337610741886,7.8504931808711405,8.237214703349489,8.564649132572532,6.71901315438526,7.720017940432244,1
10.003151875649072,8.181720455128108,8.859505484519133,9.343296599224807,5.8377304471659395,7.849323818040561,1
10.123787063398602,7.496097345175956,7.813995675002791,7.703459047867174,6.021023349349526,6.953684210870537,1
9.810604425056072,6.490723534502507,7.97728198675515,8.230044310126114,6.373319789577012,6.359573868672377,1
9.324561516066206,8.182000136293404,8.540714386457584,6.329720905522696,7.427738840532893,7.7823903355874595,0
8.732627099660395,8.958668737047434,9.28887424963029,7.075808863978387,8.052933036797567,7.5857888217320335,0
8.026823576217629,8.724857555881988,9.540794536271832,5.438079308923196,9.09750756370184,7.93164402145431,0
9.092119740588751,7.794823152179388,7.482681828154651,7.482681828154651,6.063785208687608,6.413458957167356,1
9.515543058145953,5.846438775057724,6.1923624894748714,7.638679823876112,3.784189633918261,6.490723534502507,1
9.659567149523216,8.571491964823617,7.785720896534624,6.326149473155099,6.331501849893691,6.349138991379798,1
8.992184362173012,8.24143968982973,7.635303886259415,8.75463404743127,6.82219739062049,5.673323267171492,1
8.068089626278244,7.597396320212795,7.494986233950533,7.455876687491824,5.455321115357701,6.5652649700353605,1
8.721602344674196,10.04901544850107,10.421864592454952,8.816705015621595,9.830594227015803,8.54110501146255,0
8.798303718484979,7.528331766707247,8.463792414689122,8.946765374867635,5.323009979138408,7.4342573821331355,1
10.293026510094032,8.982309899088579,9.73896662036768,6.06842558824411,5.8944028342648505,7.237778191923443,1
9.24753981296529,9.79657027019005,8.465478755729558,8.452334619067742,7.344072850573066,8.09101504171053,0
10.36135533943734,6.1923624894748714,7.3098814858247865,8.08394570229562,4.709530201312334,6.421622267806518,1
9.313979406735669,8.518791912779934,8.5657928612523,6.115892125483033,5.971261839790462,5.921578419643815,1
9.044875932248651,7.565793282428515,7.5406215286571525,8.517992871586802,8.186742787113518,6.894670039433481,1
10.934588015284797,8.425735580927402,7.66105638236183,8.767484874649458,6.593044534142437,8.108021221376747,1
10.881907655875832,8.508959386489133,8.9005490139363,8.010359588919783,6.874198495453294,6.706862336602747,1
9.126197603863755,8.493924564476883,7.676473646389156,5.7899601708972535,6.659293919683638,6.306275286948015,1
8.969287400118406,7.01211529430638,6.9975959829819265,8.827321452697849,3.8918202981106265,5.6594822157596205,1
10.054361440970256,7.22402480828583,7.424761761823208,6.889591308354466,6.061456918928017,6.484635235635252,1
7.674617497364363,7.0166096838942185,8.807471889715284,8.371936178759098,7.970394907191428,6.018593214496234,0
6.9782137426306985,9.177713869149088,9.645040605352682,4.110873864173311,8.696175846944676,7.14282740116162,0
8.684231891345675,10.065903976780419,9.52507811645139,9.225721474014485,6.721425700790643,8.19863945529737,0
6.349138991379798,9.186355009225672,10.007036428164687,7.7057128238944275,8.493310250952906,7.848933726364071,0
9.94716945362225,7.10824413973154,7.853993087224244,8.287780027088433,6.602587892189336,8.196436811235026,1
9.384965722135666,8.993799971795545,9.895808141192258,6.974478911025045,8.759982494977281,6.548219102762372,0
9.630234216736469,5.552959584921617,7.037027614686276,7.830425617820331,5.808142489980444,5.318119993844216,1
8.4595640785796,6.939253946041508,6.882437470997847,8.612503371220562,5.2832037287379885,4.025351690735149,1
7.641564441260972,8.518592212329944,7.354362330421476,7.02108396428914,4.990432586778736,7.346010209913292,1
6.242223265455165,9.026778045746095,8.83477381421388,6.270988431858299,4.532599493153255,6.946975992135418,1
10.513714974009696,8.021256180143997,7.30854279753919,8.476787776781197,5.3471075307174685,7.508787170634276,1
6.795705775173514,7.440146680662688,7.518064181233077,6.612041034833092,6.6320017773956295,7.050122520269059,1
6.522092798170152,7.383989457978508,5.407171771460119,6.759255270663693,4.564348191467836,5.937536205082426,1
10.236417809461043,8.229244416735911,8.848509300888079,8.4071550862073,6.401917196727185,7.825245291431774,1
9.11173476822206,6.720220155135295,6.52649485957079,9.736192529758796,6.431331081933479,4.9344739331306915,1
9.366745651140318,7.748028524432376,7.841099765422119,8.673341873906168,5.6131281063880705,7.25063551189868,1
9.76192398821434,8.732304571033183,9.17926241640532,7.164720378771857,8.194229304819816,7.450660796211539,0
8.121480374750751,7.966933498404839,7.796057974316123,6.884486652042782,5.1179938124167546,7.00669522683704,1
9.412301144022486,8.868976189274541,8.737933858114136,6.996681488176538,7.752764808851328,7.639642287858012,0
10.800860465555637,8.285261134068948,8.355144739461839,8.694502206386648,6.947937068614968,7.247080584585756,1
10.156849882434335,8.19229373114764,7.607381425639791,9.240190393945067,5.749392985908253,7.232733136177615,1
11.14115138637951,8.39185670010494,9.442166123673227,9.07015834137632,6.621405651764134,7.785720896534624,1
10.602964656790943,6.461468176353717,8.1886891244442,6.948897222313312,6.077642243349034,2.8903717578961645,1
8.87472776576685,7.717351272185329,7.124478262493424,7.3895639536776345,7.111512116496156,4.852030263919617,1
9.639131305387844,7.650644551436896,7.947325027016463,9.031931152002143,5.955837369464831,6.934397209928558,1
9.6964633831018,6.386879319362644,7.16703787691222,6.742880635791903,6.09807428216624,5.552959584921617,1
10.663966225256358,5.655991810819852,6.154858094016418,7.235619141066749,3.4657359027997265,3.0910424533583156,1
7.903965634032165,7.67786350067821,7.879291485082271,6.218600119691729,6.872128101338986,7.327780538421631,1
8.70317470904168,8.117908942383155,8.089789175789319,7.826842098158293,5.356586274672012,6.530877627725885,1
7.950854857719988,8.034631032923105,8.37309184744198,8.252706676567644,6.715383386334681,6.966024187106113,1
8.293049139768444,9.314970621054265,9.431000842996585,6.804614520062623,8.691482576512927,6.608000625296087,0
9.965193941972107,7.607381425639791,8.787220328629298,6.812345094177479,6.698268054115412,7.5251007461258,1
8.934323331054905,7.548028969935014,8.56293108309009,6.0330862217988015,7.699842407396986,5.537334267018537,0
9.856762754029893,7.173191742486598,8.200562797008564,8.021256180143997,6.5652649700353605,6.800170068302199,1
8.998384010052536,8.070593539949519,8.851663425366777,7.282761179605592,8.21932609390609,6.274762021241939,0
8.818482267274234,8.425077902508432,9.206834232646894,6.839476438228842,8.420241665339788,6.9440872082295275,0
6.095824562432225,6.778784897685177,7.630461261783626,5.575949103146316,5.66988092298052,5.556828061699537,1
9.707959168254892,8.739216115061744,8.757783656334167,6.714170529909471,7.8868329989550565,7.603399339740669,0
8.572249397164315,9.496721598694915,9.923241159022965,7.500529485395295,9.077037524661762,5.147494476813453,0
7.967626739333816,8.57583938684897,9.188605879830176,5.8971538676367405,8.738094230177667,6.318968113746434,0
7.86288203464149,8.212839584676484,9.534523115464658,6.198478716492308,9.217216675915614,4.07753744390572,0
5.081404364984463,8.917310693197805,10.117509629400777,6.424869023905387,9.37441309371334,7.787382026484701,0
5.493061443340548,9.468001285315953,9.08839870117094,6.683360945766275,8.271036865792954,5.351858133476067,0
8.774622220696997,9.462421173184989,9.979058739383202,7.517520850603031,8.930361883909434,7.341483852363161,0
9.760021257510846,7.772331575169613,7.952263308657046,7.046647277848756,5.860786223465865,6.829793737512425,1
8.85180655855245,6.927557906278317,8.008698182988528,6.030685260261263,5.549076084895219,6.486160788944089,1
6.82219739062049,9.935712699830864,9.515395652485308,7.289610521451167,8.831419819090131,6.692083742506628,0
8.858510813033927,7.307872780763706,7.785305182539862,9.438988743924837,5.700443573390686,7.018401799069201,1
10.296711374221939,7.755767170102997,9.021598247379305,8.021584533455107,5.916202062607435,4.762173934797756,1
7.667158255319148,8.226038429485484,9.861206160279522,7.149916836132109,9.748002649695733,4.955827057601261,0
9.188503677367008,6.829793737512425,7.785305182539862,8.399984990510696,5.2094861528414205,5.6937321388027,1
9.270211769013573,7.492760300922379,8.942068693044225,7.301822342137932,6.75343791859778,7.117205503164344,1
7.2991214627108,9.614604759507827,9.386308454797962,6.495265555937008,8.266421472984554,8.162801353492073,0
8.87164566750187,7.226209010100671,7.696667081526462,7.893198869544609,4.418840607796597,6.9650803456014065,1
7.074963197966043,8.035278911144667,8.718336502450779,6.885509670034817,6.710523109452428,7.400620577371135,0
9.375854810453756,7.905810312658931,8.17695386822578,7.659642954564682,6.559615237493242,3.9318256327243257,1
9.18594521514146,10.129467078669546,9.77820773610937,7.028201432058004,9.426096704856374,7.393263094763838,0
7.480992162869525,8.215006432761575,7.731930721948486,6.242223265455165,5.616771097666571,6.726233402358747,1
9.12205545710861,7.548028969935014,8.550047528287184,7.906178840394814,5.42934562895444,7.014814351275545,1
9.672878705110646,6.569481420414296,8.106212902619962,8.216898580913613,7.293017679772782,5.433722003554239,1
9.500020447090636,6.8501261661455,9.358156746670401,6.818924065275521,7.425953657077541,6.350885716714739,1
10.16496681011591,8.185071477532283,7.80954132465341,7.7702232041587855,4.941642422609304,6.9957661563048505,1
10.395650099471604,9.728181330636078,9.519735011333614,11.01647929289894,7.148345743900067,8.632127729508337,1
8.392536586816682,7.383989457978508,7.266128779556451,8.159946655578548,5.958424693029782,6.726233402358747,1
6.295266001439646,6.80128303447162,7.416979621381154,6.025865973825314,4.477336814478206,6.257667587882638,1
9.737019659665341,7.700295203420117,8.128290171607052,8.968141414126814,5.3471075307174685,7.335633981927201,1
8.53954159508,7.303843225277705,8.430109084509123,8.5422759717837,6.198478716492308,6.6052979209482015,1
9.189116735524555,7.487733761436444,8.538758969330798,8.180320874773685,5.204006687076795,6.949856455000773,1
9.325720523016255,9.60784051043005,10.197611332567385,7.118016204465333,9.17014318222477,7.004881989712859,0
10.013283218359012,8.075893630298857,7.277247726631484,7.699842407396986,5.181783550292085,7.86403565907245,1
9.05543941075822,8.513185170018698,11.11688579750922,4.875197323201151,10.54802205317538,7.102499355774649,0
9.730502276719161,6.833031732786201,7.916807490937603,9.355219633294267,5.805134968916488,8.156510226079966,1
10.206624579542769,8.827174771362785,9.28637505825218,7.21890970761906,8.321421586897879,7.668093709082405,0
9.544667452251007,7.320526962272739,7.1929342212158,6.476972362889683,4.983606621708336,6.656726524178391,1
9.143238568435446,7.205635176410364,7.8674885686991285,9.008224187854049,6.091309882077698,6.76619171466035,1
1.0986122886681096,5.808142489980444,8.85666093701725,9.655090293747248,2.70805020110221,6.309918278226516,1
7.869783902530146,7.08002649992259,8.581481681298598,9.16785032035523,6.350885716714739,7.57147364885127,1
5.9427993751267,8.300280189852664,9.17678358844734,5.961005339623274,8.891649112650057,7.223295679562314,0
7.749322464660356,8.659213451436665,9.327056171672144,6.642486801367256,8.54907938027856,7.67693714581808,0
5.541263545158426,8.65834547117212,8.686598356276965,5.855071922202427,8.432724034789787,7.191429330036379,0
7.4318919168078,8.848509300888079,10.177932398205888,7.283448228756631,9.646593300236665,3.6109179126442243,0
8.02059914989697,7.066466970136958,7.47477218239787,7.711548979629145,5.37989735354046,5.937536205082426,1
7.088408778675395,7.86403565907245,9.028218795184895,5.996452088619021,8.254008590564844,5.713732805509369,0
7.9269635448629785,8.844912950899548,9.651236971915612,7.898411092811599,8.794824928014517,7.0166096838942185,0
10.21756809884244,8.879611609982035,9.418248450647615,7.940583827104243,8.438366410870266,6.92951677076365,0
8.13973227971767,7.77485576666552,7.614805364711073,7.201170883281678,7.076653815443951,6.499787040655854,1
8.696343057044556,9.591581091193483,9.929204031040763,7.603399339740669,9.410665553209713,6.09807428216624,0
8.166500319155052,7.002155954403621,7.599401333415815,7.4933172488621445,5.153291594497778,6.902742737158593,1
7.098375638590786,9.214730720277476,10.012072862949568,7.462214939768189,9.4444634273334,8.051022208190679,0
6.410174881966167,7.0085051820822795,7.3349818788718135,6.721425700790643,4.499809670330265,5.272999558563747,1
4.762173934797756,8.742574237670638,9.96189796008255,5.42934562895444,9.06900719585954,7.0130157896396295,0
9.54959444997195,8.9082888855571,7.843064016692054,8.761863373274727,7.195187320178708,7.75833346749091,1
5.247024072160486,6.588926477533519,7.606884531219629,5.5012582105447265,5.214935757608986,4.844187086458591,1
10.029503273118987,4.897839799950911,5.384495062789089,8.057377488557991,2.197224577336219,6.306275286948015,1
3.6109179126442243,7.150701457592526,10.011085563134145,4.919980925828125,8.816853240627426,4.700480365792416,0
6.6320017773956295,9.834351813701266,7.414572881350589,8.718336502450779,6.284134161070802,8.318742252692399,1
6.679599185844383,8.678971846978863,7.653969180478774,5.828945617610207,5.44673737166631,6.654152520183218,1
9.890706218171395,7.962763930168115,7.60389796852188,7.8636512654486515,6.148468295917646,6.220590170099739,1
8.46252579007393,6.408528791059498,6.761572768804055,7.09506437728713,5.0689042022202315,6.003887067106539,1
7.659642954564682,7.3783837129967145,7.805067044258489,6.327936783729195,5.187385805840755,6.568077911411976,1
8.439663988907,6.904750769961838,8.39795910349254,5.25227342804663,7.196686570834349,5.749392985908253,1
7.869019376499023,6.771935555839602,7.329093736246591,7.005789019253502,6.242223265455165,6.148468295917646,1
8.453614209773367,8.720623711420426,8.990316947998217,7.3895639536776345,8.415160465851086,8.040768994367578,0
9.165447603085445,7.7039102096163115,7.416979621381154,7.067319848653475,5.402677381872279,6.102558594613568,1
8.153925132007862,6.795705775173514,6.280395838960195,7.284134806195205,5.529429087511423,5.834810737062605,1
10.013910233786218,7.086737934510577,7.785720896534624,7.6236419465115715,4.61512051684126,6.324358962381311,1
8.734077192559303,5.820082930352362,6.52649485957079,6.9930151229329605,3.7135720667043075,5.69035945432406,1
10.58857735946834,8.279950715722526,8.508152446764088,7.218176838403407,6.259581464064922,7.711996507047669,1
9.908723819331374,7.54274354536855,7.569927655242652,9.007489523929735,6.573680166960646,6.672032945461067,1
8.264620829411216,8.243019468989248,7.40306109109009,6.775366090936391,5.98393628068719,8.482394685873542,1
9.620859354387026,8.741456115998362,8.908964972392399,7.3158835045097845,7.557994958530806,8.043342170441608,0
8.754318540250866,7.721348612617949,7.419380582918691,7.307872780763706,5.739792912179234,6.530877627725885,1
8.67265729404031,7.27931883541462,7.057897937411856,6.391917113392602,6.1654178542314195,4.2484952420493585,1
8.050703381470298,9.062999784077473,9.516795129751246,8.637816633739975,8.448057452581375,7.262628600974241,0
10.565995096963961,8.056426767522984,7.881559917056898,6.9411900550683745,4.564348191467836,7.124478262493424,1
8.078688229229872,8.099857910737585,7.550661243105336,5.641907070938114,4.219507705176107,7.015712420487229,1
8.305978210967302,8.549466751966532,9.248695325852646,4.867534450455582,6.70073110954781,5.187385805840755,0
10.249096493490926,6.8501261661455,7.671360923190644,8.263848131368906,6.396929655216146,5.598421958998374,1
9.785266921148697,8.431853144249223,7.388327859577107,9.203013596589722,5.5053315359323625,6.2766434893416445,1
10.447380380006313,8.913953858894255,9.0441677169216,7.839919360012582,7.444833273892193,7.9700493049761345,0
7.5071410797276075,7.218176838403407,8.146129510025405,8.295548516225763,5.98393628068719,5.8888779583328805,1
9.276408971945887,9.992322266236618,9.64212278840172,8.198364389967619,5.641907070938114,8.540909718033554,1
9.361773075736393,6.826545223556594,7.386470848829894,7.8567067930958405,5.2574953720277815,6.9735430195201396,1
7.09506437728713,8.194229304819816,7.957527402230773,7.573017256052546,5.8664680569332965,6.874198495453294,1
9.948365311314213,7.557994958530806,7.360739903058278,7.580699752224563,5.442417710521793,6.8679744089702925,1
9.188605879830176,6.742880635791903,7.066466970136958,7.424761761823208,5.298317366548036,6.0063531596017325,1
9.146867949020608,7.333023014386481,7.259819610363186,8.012680929706839,5.424950017481402,6.52795791762255,1
8.117312461601973,7.074116816197362,7.191429330036379,8.61286694148452,5.739792912179234,6.907755278982137,1
7.881182202227101,7.923348211930154,7.746300662231439,6.810142450115136,4.553876891600541,7.510430556378006,1
6.249975242259483,8.338066525518801,8.1886891244442,6.490723534502507,4.804021044733257,6.483107351457199,1
10.07035700477116,8.814330422638774,8.253748343328501,9.061840363657739,5.953243334287784,6.708084083853069,1
9.423595190540022,6.762729506931879,8.07215530818825,7.242797922793756,5.003946305945459,6.113682179832231,1
9.169726689090885,7.182352111885263,7.141245122350491,7.979681302387741,6.734591659972947,5.66988092298052,1
8.415160465851086,9.391911647379432,9.142596719889664,7.880048200971577,8.125039097367745,7.70210434005105,0
9.353141170607854,7.418180822726788,7.2640301428995295,8.830250570199246,4.1588830833596715,6.610696044717759,1
9.345046074828474,6.939253946041508,6.366470447731437,8.592300663903043,4.304065093204169,5.5093883366279774,1
9.17076759685636,6.357842266508099,6.8405465292886865,7.3783837129967145,6.150602768446279,5.926926025970411,1
8.399760094524142,6.809039306042979,7.121252453244542,8.182000136293404,5.030437921392435,6.921658184151128,1
10.20975828042422,7.937731775260108,7.662937850461534,9.489713016556822,4.5217885770490405,7.550661243105336,1
10.186370628201196,8.46653127661401,8.535229553902337,5.393627546352361,2.3025850929940455,5.828945617610207,1
10.150581978006123,9.306195857619704,8.434680769841773,4.844187086458591,6.448889394146857,5.662960480135946,1
9.802174390835638,8.43663368355782,8.14438886554762,8.371936178759098,6.81783057145415,6.5722825426940075,1
8.83695515733143,6.952728644624868,7.062191632286556,7.634820677745543,6.385194398997725,5.934894195619588,1
10.129267625171467,8.51919119407891,8.522379718103537,9.190749722211178,6.9957661563048505,6.866933284461882,1
8.904086913938967,9.460632055209404,9.835369298459836,7.956476798036782,8.972463821059907,6.315358001522335,0
9.018816604417427,8.263590432617319,8.765146421639022,7.406103381237015,7.912056888179005,5.840641657373398,0
9.071997422354437,8.198089248956116,8.716044050161402,7.761744984658913,7.660585461703256,8.544224530467268,0
8.799812469525556,7.647786045440933,8.425735580927402,7.236339342754343,7.528331766707247,7.545389749611823,0
7.661997558901893,8.098338846189057,8.0959035329611,7.336285660021297,5.459585514144159,8.381373468273702,1
4.574710978503383,8.190077049719049,9.425451751593128,4.584967478670571,7.996317231796745,4.127134385045092,0
8.513787398281405,8.488587934405903,8.799812469525556,9.790654744261785,6.815639990074331,7.79770203551669,1
8.694334688168649,7.595889917718538,8.136518252115291,8.644530439877432,7.0343879299155025,5.66988092298052,1
8.967249182852276,8.707152175339402,9.053920452704881,7.43307534889858,8.17188200612782,7.535830462798367,0
8.386856689688234,9.300181075975972,9.297251743965479,6.742880635791903,8.814033201652784,6.900730664045172,0
8.530109416682784,8.612321536507814,9.310638093291546,5.8971538676367405,8.156223323194624,6.968850378341948,0
6.492239835020471,9.047115310873217,9.832098956448474,4.890349128221754,8.815815203906352,6.654152520183218,0
9.089414904047302,8.238272624633028,7.706612913964197,6.450470422144176,7.365180126021012,7.327123292259293,1
8.40200678160712,8.569026340056254,9.490015474026047,3.2188758248682006,8.827321452697849,7.239214973779806,0
9.744667655527264,8.486115235845375,9.11085147347544,6.938284484016959,8.13593277200489,7.486613313139954,0
10.181119289134408,7.227662498728654,8.336150816120663,6.721425700790643,6.854354502255021,7.1049654482698426,1
9.773663564699927,8.212297138229768,8.446126742982377,6.9650803456014065,7.497207223203317,6.504288173536645,0
9.739791459865337,7.966933498404839,9.411810747608898,6.773080375655535,8.074960359115858,5.517452896464707,0
9.327500991749758,7.786551806428712,7.860570785538664,9.638740451366843,4.68213122712422,7.542213463193402,1
9.482959566750917,9.142810715182582,9.569133071885917,8.052296499538647,8.532869670801245,7.546446273746024,0
10.34212950533885,9.722385252146902,8.59951023390545,9.621257258762592,6.0844994130751715,7.0587581525186645,1
8.021912778985708,8.694502206386648,8.499029220788566,7.6953031349635665,6.745236349484362,5.75890177387728,1
9.060331104649475,7.4673710669175595,8.183118079394745,3.8501476017100584,4.430816798843313,7.824445930877618,1
8.038189179973202,8.349957272040323,9.710084825731355,6.354370040797351,5.484796933490655,7.640123172695364,1
9.051696278536584,8.613593685702552,8.548691858475609,9.509407389294527,7.227662498728654,7.311886164077165,1
9.957833682276242,7.057897937411856,8.46674164792014,5.594711379601839,7.191429330036379,5.978885764901122,1
7.591861714889933,8.076515327552329,7.30854279753919,7.340186835320115,5.87493073085203,7.278628942320682,1
9.725018565057663,8.274357006756292,8.986446539271268,6.5337888379333435,7.771067086065405,6.731018100482083,0
10.299003329790624,9.396902923027392,9.682030078993575,9.48303570211964,5.204006687076795,7.698029170272805,1
10.57714605651221,7.266128779556451,6.638567789166521,8.414052432496725,4.532599493153255,7.76046702921342,1
9.584039577320695,9.647820809516357,10.31702003172205,6.07993319509559,9.605148899895818,7.532088143541722,0
9.238927828828094,7.59135704669855,7.710653323501202,6.945051063725834,5.123963979403259,7.661527081358517,1
7.932721027481948,7.437206366871292,7.828038032125829,4.174387269895637,6.167516490888341,3.951243718581427,1
